<?xml version = '1.0' encoding = 'UTF-8'?>
<Entity class="oracle.dbtools.crest.model.design.logical.Entity" directorySegmentName="seg_0" id="35445696-2190-DA96-87E9-C4F77C355D16" name="T_ESTADO">
<createdBy>Pedroso</createdBy>
<createdTime>2022-06-02 23:37:29 UTC</createdTime>
<ownerDesignName>fase4_EC_exercicio_grupo</ownerDesignName>
<engineerTo>
<item key="56EF263B-A3BF-8FEE-EC7C-FFF3496CE94F" value="true"/>
</engineerTo>
<adequatelyNormalized>NO</adequatelyNormalized>
<expectedVolumes>0</expectedVolumes>
<fwdEngineeringStrategyName>Single Table</fwdEngineeringStrategyName>
<growthPercent>0</growthPercent>
<growthType>Year</growthType>
<maxVolumes>9999999</maxVolumes>
<minVolumes>0</minVolumes>
<normalForm>Third</normalForm>
<attributes itemClass="oracle.dbtools.crest.model.design.logical.Attribute">
<Attribute name="cd_estado" id="E86C8A5F-3F45-C07D-B4DB-AC93691F6F39">
<createdBy>Pedroso</createdBy>
<createdTime>2022-06-02 23:37:29 UTC</createdTime>
<ownerDesignName>fase4_EC_exercicio_grupo</ownerDesignName>
<importedID>F82785EC-ED04-BA13-A72D-138391682449</importedID>
<engineerTo>
<item key="56EF263B-A3BF-8FEE-EC7C-FFF3496CE94F" value="true"/>
</engineerTo>
<useDomainConstraints>false</useDomainConstraints>
<use>1</use>
<logicalDatatype>LOGDT019</logicalDatatype>
<dataTypePrecision>5</dataTypePrecision>
<ownDataTypeParameters>,5,</ownDataTypeParameters>
</Attribute>
<Attribute name="nm_estado" id="5C2BECE2-1EC1-335D-E874-B20465428185">
<createdBy>Pedroso</createdBy>
<createdTime>2022-06-02 23:37:29 UTC</createdTime>
<ownerDesignName>fase4_EC_exercicio_grupo</ownerDesignName>
<importedID>BD5319E0-666B-CE12-B3A3-A76E8FF35639</importedID>
<engineerTo>
<item key="56EF263B-A3BF-8FEE-EC7C-FFF3496CE94F" value="true"/>
</engineerTo>
<useDomainConstraints>false</useDomainConstraints>
<use>1</use>
<logicalDatatype>LOGDT024</logicalDatatype>
<dataTypeSize>50</dataTypeSize>
<ownDataTypeParameters>50,,</ownDataTypeParameters>
</Attribute>
<Attribute name="sg_estado" id="345E8908-D7F5-97A6-3B93-D4B11F6F121D">
<createdBy>Pedroso</createdBy>
<createdTime>2022-06-02 23:37:29 UTC</createdTime>
<ownerDesignName>fase4_EC_exercicio_grupo</ownerDesignName>
<importedID>C230D1D8-1E7E-7B40-FB1C-41A731A81013</importedID>
<engineerTo>
<item key="56EF263B-A3BF-8FEE-EC7C-FFF3496CE94F" value="true"/>
</engineerTo>
<useDomainConstraints>false</useDomainConstraints>
<use>1</use>
<logicalDatatype>LOGDT024</logicalDatatype>
<dataTypeSize>2</dataTypeSize>
<ownDataTypeParameters>2,,</ownDataTypeParameters>
</Attribute>
</attributes>
<identifiers itemClass="oracle.dbtools.crest.model.design.logical.CandidateKey">
<identifier id="FD091135-F6FC-C54C-9234-37088CB82811" name="T_ESTADO PK">
<createdBy>Pedroso</createdBy>
<createdTime>2022-06-02 23:37:29 UTC</createdTime>
<ownerDesignName>fase4_EC_exercicio_grupo</ownerDesignName>
<engineerTo>
<item key="56EF263B-A3BF-8FEE-EC7C-FFF3496CE94F" value="true"/>
</engineerTo>
<pk>true</pk>
<usedAttributes>
<attributeRef>E86C8A5F-3F45-C07D-B4DB-AC93691F6F39</attributeRef>
</usedAttributes>
</identifier>
</identifiers>
</Entity>