<?xml version = '1.0' encoding = 'UTF-8'?>
<Entity class="oracle.dbtools.crest.model.design.logical.Entity" directorySegmentName="seg_0" id="CFC8AD91-328B-04E1-D439-B79409EAD802" name="T_CLIENTE">
<createdBy>Pedroso</createdBy>
<createdTime>2022-06-02 23:31:23 UTC</createdTime>
<ownerDesignName>fase4_EC_exercicio_grupo</ownerDesignName>
<engineerTo>
<item key="56EF263B-A3BF-8FEE-EC7C-FFF3496CE94F" value="true"/>
</engineerTo>
<adequatelyNormalized>NO</adequatelyNormalized>
<expectedVolumes>0</expectedVolumes>
<fwdEngineeringStrategyName>Single Table</fwdEngineeringStrategyName>
<growthPercent>0</growthPercent>
<growthType>Year</growthType>
<maxVolumes>9999999</maxVolumes>
<minVolumes>0</minVolumes>
<normalForm>Third</normalForm>
<attributes itemClass="oracle.dbtools.crest.model.design.logical.Attribute">
<Attribute name="cd_cliente" id="39247A3F-D569-3553-646B-71FB9ABAA97A">
<createdBy>Pedroso</createdBy>
<createdTime>2022-06-02 23:31:36 UTC</createdTime>
<ownerDesignName>fase4_EC_exercicio_grupo</ownerDesignName>
<engineerTo>
<item key="56EF263B-A3BF-8FEE-EC7C-FFF3496CE94F" value="true"/>
</engineerTo>
<useDomainConstraints>false</useDomainConstraints>
<use>1</use>
<logicalDatatype>LOGDT019</logicalDatatype>
<dataTypePrecision>5</dataTypePrecision>
<ownDataTypeParameters>,5,</ownDataTypeParameters>
</Attribute>
<Attribute name="nm_cliente" id="AB7A9D0D-B802-C11A-C712-7BAAA0C1EB16">
<createdBy>Pedroso</createdBy>
<createdTime>2022-06-02 23:31:50 UTC</createdTime>
<ownerDesignName>fase4_EC_exercicio_grupo</ownerDesignName>
<engineerTo>
<item key="56EF263B-A3BF-8FEE-EC7C-FFF3496CE94F" value="true"/>
</engineerTo>
<useDomainConstraints>false</useDomainConstraints>
<use>1</use>
<logicalDatatype>LOGDT024</logicalDatatype>
<dataTypeSize>120</dataTypeSize>
<ownDataTypeParameters>120,,</ownDataTypeParameters>
</Attribute>
<Attribute name="nr_cpf" id="3F8D3EAF-60D0-7A2B-85F1-6DE3687F0678">
<createdBy>Pedroso</createdBy>
<createdTime>2022-06-02 23:32:15 UTC</createdTime>
<ownerDesignName>fase4_EC_exercicio_grupo</ownerDesignName>
<engineerTo>
<item key="56EF263B-A3BF-8FEE-EC7C-FFF3496CE94F" value="true"/>
</engineerTo>
<useDomainConstraints>false</useDomainConstraints>
<use>1</use>
<logicalDatatype>LOGDT019</logicalDatatype>
<dataTypePrecision>11</dataTypePrecision>
<ownDataTypeParameters>,11,</ownDataTypeParameters>
</Attribute>
</attributes>
<identifiers itemClass="oracle.dbtools.crest.model.design.logical.CandidateKey">
<identifier id="93699C8F-4595-4505-2427-6B83AD351067" name="T_CLIENTE PK">
<createdBy>Pedroso</createdBy>
<createdTime>2022-06-02 23:31:49 UTC</createdTime>
<ownerDesignName>fase4_EC_exercicio_grupo</ownerDesignName>
<engineerTo>
<item key="56EF263B-A3BF-8FEE-EC7C-FFF3496CE94F" value="true"/>
</engineerTo>
<pk>true</pk>
<usedAttributes>
<attributeRef>39247A3F-D569-3553-646B-71FB9ABAA97A</attributeRef>
</usedAttributes>
</identifier>
</identifiers>
</Entity>