<?xml version = '1.0' encoding = 'UTF-8'?>
<Entity class="oracle.dbtools.crest.model.design.logical.Entity" directorySegmentName="seg_0" id="FB860CF3-401C-FE49-8981-86EA4D2A7868" name="T_FORNECEDOR">
<createdBy>Pedroso</createdBy>
<createdTime>2022-06-03 00:08:24 UTC</createdTime>
<ownerDesignName>fase4_EC_exercicio_grupo</ownerDesignName>
<engineerTo>
<item key="56EF263B-A3BF-8FEE-EC7C-FFF3496CE94F" value="true"/>
</engineerTo>
<adequatelyNormalized>NO</adequatelyNormalized>
<expectedVolumes>0</expectedVolumes>
<fwdEngineeringStrategyName>Single Table</fwdEngineeringStrategyName>
<growthPercent>0</growthPercent>
<growthType>Year</growthType>
<maxVolumes>9999999</maxVolumes>
<minVolumes>0</minVolumes>
<normalForm>Third</normalForm>
<attributes itemClass="oracle.dbtools.crest.model.design.logical.Attribute">
<Attribute name="cd_fornecedor" id="90BDC1FA-706B-0441-5689-9DC0FB08946A">
<createdBy>Pedroso</createdBy>
<createdTime>2022-06-03 00:09:11 UTC</createdTime>
<ownerDesignName>fase4_EC_exercicio_grupo</ownerDesignName>
<engineerTo>
<item key="56EF263B-A3BF-8FEE-EC7C-FFF3496CE94F" value="true"/>
</engineerTo>
<useDomainConstraints>false</useDomainConstraints>
<use>1</use>
<logicalDatatype>LOGDT019</logicalDatatype>
<dataTypePrecision>5</dataTypePrecision>
<ownDataTypeParameters>,5,</ownDataTypeParameters>
</Attribute>
<Attribute name="nm_fornecedor" id="1D4E2634-2E1A-EF9D-BF77-E5B53299ECEE">
<createdBy>Pedroso</createdBy>
<createdTime>2022-06-03 00:09:39 UTC</createdTime>
<ownerDesignName>fase4_EC_exercicio_grupo</ownerDesignName>
<engineerTo>
<item key="56EF263B-A3BF-8FEE-EC7C-FFF3496CE94F" value="true"/>
</engineerTo>
<useDomainConstraints>false</useDomainConstraints>
<use>1</use>
<logicalDatatype>LOGDT024</logicalDatatype>
<dataTypeSize>50</dataTypeSize>
<ownDataTypeParameters>50,,</ownDataTypeParameters>
</Attribute>
<Attribute name="nr_cnpj" id="749B66B8-1DA4-B7C7-6610-3E9310B290DC">
<createdBy>Pedroso</createdBy>
<createdTime>2022-06-03 00:10:08 UTC</createdTime>
<ownerDesignName>fase4_EC_exercicio_grupo</ownerDesignName>
<engineerTo>
<item key="56EF263B-A3BF-8FEE-EC7C-FFF3496CE94F" value="true"/>
</engineerTo>
<useDomainConstraints>false</useDomainConstraints>
<use>1</use>
<logicalDatatype>LOGDT019</logicalDatatype>
<dataTypePrecision>14</dataTypePrecision>
<ownDataTypeParameters>,14,</ownDataTypeParameters>
</Attribute>
</attributes>
<identifiers itemClass="oracle.dbtools.crest.model.design.logical.CandidateKey">
<identifier id="1ED73CC5-5AA4-12B5-F1E0-14C824C2561A" name="T_FORNECEDOR PK">
<createdBy>Pedroso</createdBy>
<createdTime>2022-06-03 00:09:36 UTC</createdTime>
<ownerDesignName>fase4_EC_exercicio_grupo</ownerDesignName>
<engineerTo>
<item key="56EF263B-A3BF-8FEE-EC7C-FFF3496CE94F" value="true"/>
</engineerTo>
<pk>true</pk>
<usedAttributes>
<attributeRef>90BDC1FA-706B-0441-5689-9DC0FB08946A</attributeRef>
</usedAttributes>
</identifier>
</identifiers>
</Entity>