<?xml version = '1.0' encoding = 'UTF-8'?>
<Relation class="oracle.dbtools.crest.model.design.logical.Relation" name="Relation_35" directorySegmentName="seg_0" id="0FCA5A83-11F2-415C-2F63-5A86D97D195D">
<createdBy>Pedroso</createdBy>
<createdTime>2022-06-05 22:20:28 UTC</createdTime>
<ownerDesignName>fase4_EC_exercicio_grupo</ownerDesignName>
<engineerTo>
<item key="56EF263B-A3BF-8FEE-EC7C-FFF3496CE94F" value="true"/>
</engineerTo>
<sourcePk>1ED73CC5-5AA4-12B5-F1E0-14C824C2561A</sourcePk>
<identifying>false</identifying>
<optionalSource>true</optionalSource>
<optionalTarget>false</optionalTarget>
<sourceCardinality>1</sourceCardinality>
<sourceEntity>FB860CF3-401C-FE49-8981-86EA4D2A7868</sourceEntity>
<targetCardinalityString>*</targetCardinalityString>
<targetEntity>96FCD206-258A-6F95-EAE2-9C28B9B0FD0B</targetEntity>
<transferable>true</transferable>
<deleteRule>NO ACTION</deleteRule>
</Relation>