<?xml version = '1.0' encoding = 'UTF-8'?>
<Relation class="oracle.dbtools.crest.model.design.logical.Relation" name="Relation_27" directorySegmentName="seg_0" id="27D1DF18-3441-41A5-9911-14D75C189241">
<createdBy>Pedroso</createdBy>
<createdTime>2022-06-02 23:37:29 UTC</createdTime>
<ownerDesignName>fase4_EC_exercicio_grupo</ownerDesignName>
<engineerTo>
<item key="56EF263B-A3BF-8FEE-EC7C-FFF3496CE94F" value="true"/>
</engineerTo>
<sourcePk>3CC25614-601D-2C11-79EC-D8B749B01441</sourcePk>
<arc>01D6BD87-FFD7-34A0-F10D-2B64F4427C73</arc>
<identifying>true</identifying>
<optionalSource>true</optionalSource>
<optionalTarget>false</optionalTarget>
<sourceCardinality>1</sourceCardinality>
<sourceEntity>0F0687F5-7E09-5F32-CC9B-99165885B3C1</sourceEntity>
<targetCardinalityString>1</targetCardinalityString>
<targetEntity>4DE06845-27E9-E2E6-28D2-A58A55D879D7</targetEntity>
<transferable>true</transferable>
<deleteRule>NO ACTION</deleteRule>
</Relation>