<?xml version = '1.0' encoding = 'UTF-8'?>
<Relation class="oracle.dbtools.crest.model.design.logical.Relation" name="Relation_13" directorySegmentName="seg_0" id="28076DA7-3891-3545-F653-BFA44A54C0D1">
<createdBy>Pedroso</createdBy>
<createdTime>2022-06-02 23:37:29 UTC</createdTime>
<ownerDesignName>fase4_EC_exercicio_grupo</ownerDesignName>
<engineerTo>
<item key="56EF263B-A3BF-8FEE-EC7C-FFF3496CE94F" value="true"/>
</engineerTo>
<sourcePk>4E93D1AD-E32E-81FD-647A-AADCBE64382A</sourcePk>
<identifying>false</identifying>
<optionalSource>true</optionalSource>
<optionalTarget>false</optionalTarget>
<sourceCardinality>1</sourceCardinality>
<sourceEntity>4DA6EBF9-94B6-D40F-6FC2-FE5F4E5E8F5F</sourceEntity>
<targetCardinalityString>*</targetCardinalityString>
<targetEntity>AF64EEA0-F341-3067-287B-F344EB90DC62</targetEntity>
<transferable>true</transferable>
<deleteRule>NO ACTION</deleteRule>
</Relation>