<?xml version = '1.0' encoding = 'UTF-8'?>
<Relation class="oracle.dbtools.crest.model.design.logical.Relation" name="Relation_12" directorySegmentName="seg_0" id="3FADFFFE-5E80-2065-5D74-D6EA26D89D10">
<createdBy>Pedroso</createdBy>
<createdTime>2022-06-02 23:37:29 UTC</createdTime>
<ownerDesignName>fase4_EC_exercicio_grupo</ownerDesignName>
<engineerTo>
<item key="56EF263B-A3BF-8FEE-EC7C-FFF3496CE94F" value="true"/>
</engineerTo>
<sourcePk>FD091135-F6FC-C54C-9234-37088CB82811</sourcePk>
<identifying>false</identifying>
<optionalSource>true</optionalSource>
<optionalTarget>false</optionalTarget>
<sourceCardinality>1</sourceCardinality>
<sourceEntity>35445696-2190-DA96-87E9-C4F77C355D16</sourceEntity>
<targetCardinalityString>*</targetCardinalityString>
<targetEntity>4DA6EBF9-94B6-D40F-6FC2-FE5F4E5E8F5F</targetEntity>
<transferable>true</transferable>
<deleteRule>NO ACTION</deleteRule>
</Relation>