<?xml version = '1.0' encoding = 'UTF-8'?>
<Relation class="oracle.dbtools.crest.model.design.logical.Relation" name="Relation_30" directorySegmentName="seg_0" id="462FAB3B-8C77-8718-0FA4-54F32FEAD3CC">
<createdBy>Pedroso</createdBy>
<createdTime>2022-06-03 00:31:40 UTC</createdTime>
<ownerDesignName>fase4_EC_exercicio_grupo</ownerDesignName>
<engineerTo>
<item key="56EF263B-A3BF-8FEE-EC7C-FFF3496CE94F" value="true"/>
</engineerTo>
<sourcePk>1ED73CC5-5AA4-12B5-F1E0-14C824C2561A</sourcePk>
<identifying>true</identifying>
<optionalSource>true</optionalSource>
<optionalTarget>false</optionalTarget>
<sourceCardinality>1</sourceCardinality>
<sourceEntity>FB860CF3-401C-FE49-8981-86EA4D2A7868</sourceEntity>
<targetCardinalityString>*</targetCardinalityString>
<targetEntity>4A28A7F5-91D4-E02A-D631-24345B9020E8</targetEntity>
<transferable>true</transferable>
<deleteRule>NO ACTION</deleteRule>
</Relation>