<?xml version = '1.0' encoding = 'UTF-8'?>
<Relation class="oracle.dbtools.crest.model.design.logical.Relation" name="Relation_19" directorySegmentName="seg_0" id="62FA3DEC-35D0-C450-5141-20A3EF2F17DB">
<createdBy>Pedroso</createdBy>
<createdTime>2022-06-02 23:41:49 UTC</createdTime>
<ownerDesignName>fase4_EC_exercicio_grupo</ownerDesignName>
<engineerTo>
<item key="56EF263B-A3BF-8FEE-EC7C-FFF3496CE94F" value="true"/>
</engineerTo>
<sourcePk>0B8C4B85-63D4-4BE8-F445-6B108157B514</sourcePk>
<identifying>false</identifying>
<optionalSource>true</optionalSource>
<optionalTarget>false</optionalTarget>
<sourceCardinality>1</sourceCardinality>
<sourceEntity>604F82F6-067F-19EE-C0E5-6C7B70D546EA</sourceEntity>
<targetCardinalityString>*</targetCardinalityString>
<targetEntity>4DE06845-27E9-E2E6-28D2-A58A55D879D7</targetEntity>
<transferable>true</transferable>
<deleteRule>NO ACTION</deleteRule>
</Relation>