<?xml version = '1.0' encoding = 'UTF-8'?>
<Relation class="oracle.dbtools.crest.model.design.logical.Relation" name="Relation_15" directorySegmentName="seg_0" id="7A449C53-D9EA-0373-0742-DF350AE76C51">
<createdBy>Pedroso</createdBy>
<createdTime>2022-06-02 23:37:29 UTC</createdTime>
<ownerDesignName>fase4_EC_exercicio_grupo</ownerDesignName>
<engineerTo>
<item key="56EF263B-A3BF-8FEE-EC7C-FFF3496CE94F" value="true"/>
</engineerTo>
<sourcePk>65C03E25-1BAA-11CA-14D4-4A2E6F5B000D</sourcePk>
<identifying>false</identifying>
<optionalSource>true</optionalSource>
<optionalTarget>false</optionalTarget>
<sourceCardinality>1</sourceCardinality>
<sourceEntity>AF64EEA0-F341-3067-287B-F344EB90DC62</sourceEntity>
<targetCardinalityString>*</targetCardinalityString>
<targetEntity>0F0687F5-7E09-5F32-CC9B-99165885B3C1</targetEntity>
<transferable>true</transferable>
<deleteRule>NO ACTION</deleteRule>
</Relation>