<?xml version = '1.0' encoding = 'UTF-8'?>
<Relation class="oracle.dbtools.crest.model.design.logical.Relation" name="Relation_37" directorySegmentName="seg_0" id="B92328F2-CEEF-2B18-01B4-1B075BFA4DC1">
<createdBy>Pedroso</createdBy>
<createdTime>2022-06-05 22:26:00 UTC</createdTime>
<ownerDesignName>fase4_EC_exercicio_grupo</ownerDesignName>
<engineerTo>
<item key="56EF263B-A3BF-8FEE-EC7C-FFF3496CE94F" value="true"/>
</engineerTo>
<sourcePk>8E32AA7B-76B3-DCF5-3427-864843389014</sourcePk>
<identifying>true</identifying>
<optionalSource>true</optionalSource>
<optionalTarget>false</optionalTarget>
<sourceCardinality>1</sourceCardinality>
<sourceEntity>0A8F0759-9C4E-CF09-09F5-661E6CB32286</sourceEntity>
<targetCardinalityString>*</targetCardinalityString>
<targetEntity>5E557166-9A8B-65EE-C3CF-A6AF034E5200</targetEntity>
<transferable>true</transferable>
<deleteRule>NO ACTION</deleteRule>
</Relation>