<?xml version = '1.0' encoding = 'UTF-8'?>
<Relation class="oracle.dbtools.crest.model.design.logical.Relation" name="Relation_21" directorySegmentName="seg_0" id="C134ABC3-8E78-DDB9-46FD-6BD268E3A880">
<createdBy>Pedroso</createdBy>
<createdTime>2022-06-02 23:43:21 UTC</createdTime>
<ownerDesignName>fase4_EC_exercicio_grupo</ownerDesignName>
<engineerTo>
<item key="56EF263B-A3BF-8FEE-EC7C-FFF3496CE94F" value="true"/>
</engineerTo>
<sourcePk>93699C8F-4595-4505-2427-6B83AD351067</sourcePk>
<identifying>false</identifying>
<optionalSource>true</optionalSource>
<optionalTarget>false</optionalTarget>
<sourceCardinality>1</sourceCardinality>
<sourceEntity>CFC8AD91-328B-04E1-D439-B79409EAD802</sourceEntity>
<targetCardinalityString>*</targetCardinalityString>
<targetEntity>0A8F0759-9C4E-CF09-09F5-661E6CB32286</targetEntity>
<transferable>true</transferable>
<deleteRule>NO ACTION</deleteRule>
</Relation>