<?xml version = '1.0' encoding = 'UTF-8'?>
<Relation class="oracle.dbtools.crest.model.design.logical.Relation" name="Relation_26" directorySegmentName="seg_0" id="E805371D-6AF6-0627-F93C-B548DDC1B230">
<createdBy>Pedroso</createdBy>
<createdTime>2022-06-03 00:16:54 UTC</createdTime>
<ownerDesignName>fase4_EC_exercicio_grupo</ownerDesignName>
<engineerTo>
<item key="56EF263B-A3BF-8FEE-EC7C-FFF3496CE94F" value="true"/>
</engineerTo>
<sourcePk>3CC25614-601D-2C11-79EC-D8B749B01441</sourcePk>
<dominantRole>0F0687F5-7E09-5F32-CC9B-99165885B3C1</dominantRole>
<identifying>true</identifying>
<optionalSource>true</optionalSource>
<optionalTarget>false</optionalTarget>
<sourceCardinality>1</sourceCardinality>
<sourceEntity>0F0687F5-7E09-5F32-CC9B-99165885B3C1</sourceEntity>
<targetCardinalityString>1</targetCardinalityString>
<targetEntity>0502FFA7-2AA3-C929-94D3-20CFF86625A1</targetEntity>
<transferable>true</transferable>
<deleteRule>NO ACTION</deleteRule>
</Relation>