<?xml version = '1.0' encoding = 'UTF-8'?>
<Table class="oracle.dbtools.crest.model.design.relational.Table" directorySegmentName="seg_0" id="042121C4-ABD5-0A50-8D10-DCC7832BB440" name="T_PAGAMENTO">
<createdBy>Pedroso</createdBy>
<createdTime>2022-06-05 22:41:05 UTC</createdTime>
<generatorID>090C095C-E8D4-9E19-FAF2-10370EA4B661</generatorID>
<ownerDesignName>fase4_EC_exercicio_grupo</ownerDesignName>
<allowColumnReorder>false</allowColumnReorder>
<existDependencyGenerateInDDl>true</existDependencyGenerateInDDl>
<parsed>true</parsed>
<columns itemClass="oracle.dbtools.crest.model.design.relational.Column">
<Column name="cd_pagamento" id="5D5096AF-EE52-5522-9C05-43F53E5742FD">
<createdBy>Pedroso</createdBy>
<createdTime>2022-06-05 22:41:05 UTC</createdTime>
<generatorID>6FF75323-7023-5BB0-92ED-A7B16521770E</generatorID>
<ownerDesignName>fase4_EC_exercicio_grupo</ownerDesignName>
<useDomainConstraints>false</useDomainConstraints>
<use>1</use>
<logicalDatatype>LOGDT019</logicalDatatype>
<dataTypePrecision>5</dataTypePrecision>
<ownDataTypeParameters>,5,</ownDataTypeParameters>
<autoIncrementCycle>false</autoIncrementCycle>
</Column>
<Column name="nm_pedido" id="4709337A-EB48-D22B-67AC-554A65F3BDE0">
<createdBy>Pedroso</createdBy>
<createdTime>2022-06-05 22:41:05 UTC</createdTime>
<generatorID>C9A4433F-F884-686D-724F-4F86FA2BB899</generatorID>
<ownerDesignName>fase4_EC_exercicio_grupo</ownerDesignName>
<useDomainConstraints>false</useDomainConstraints>
<use>1</use>
<logicalDatatype>LOGDT024</logicalDatatype>
<dataTypeSize>50</dataTypeSize>
<ownDataTypeParameters>50,,</ownDataTypeParameters>
<autoIncrementCycle>false</autoIncrementCycle>
</Column>
</columns>
<indexes itemClass="oracle.dbtools.crest.model.design.relational.Index">
<ind_PK_UK id="200709C0-4BF3-14D7-243B-DAD1748E0561" name="T_PAGAMENTO_PK">
<createdBy>Pedroso</createdBy>
<createdTime>2022-06-05 22:41:05 UTC</createdTime>
<generatorID>1140F3FE-32BD-9C76-3B98-01029C2C1A3B</generatorID>
<ownerDesignName>fase4_EC_exercicio_grupo</ownerDesignName>
<pk>true</pk>
<indexState>Primary Constraint</indexState>
<isSurrogateKey>false</isSurrogateKey>
<indexColumnUsage>
<colUsage columnID="5D5096AF-EE52-5522-9C05-43F53E5742FD"/>
</indexColumnUsage>
</ind_PK_UK>
</indexes>
</Table>