<?xml version = '1.0' encoding = 'UTF-8'?>
<Table class="oracle.dbtools.crest.model.design.relational.Table" directorySegmentName="seg_0" id="0BE6338E-0CD6-1BDF-259A-4C78D5457A49" name="T_END_ENTREG">
<createdBy>Pedroso</createdBy>
<createdTime>2022-06-05 22:41:05 UTC</createdTime>
<generatorID>4DE06845-27E9-E2E6-28D2-A58A55D879D7</generatorID>
<ownerDesignName>fase4_EC_exercicio_grupo</ownerDesignName>
<allowColumnReorder>false</allowColumnReorder>
<existDependencyGenerateInDDl>true</existDependencyGenerateInDDl>
<parsed>true</parsed>
<columns itemClass="oracle.dbtools.crest.model.design.relational.Column">
<Column name="T_ENDERECO_cd_endereco" id="F2B8A890-0ABC-C18C-43DF-E1CEB36F56C0">
<createdBy>Pedroso</createdBy>
<createdTime>2022-06-05 22:41:05 UTC</createdTime>
<generatorID>3A3F843F-C98E-5E93-5485-EDB1ED755BC4</generatorID>
<ownerDesignName>fase4_EC_exercicio_grupo</ownerDesignName>
<useDomainConstraints>false</useDomainConstraints>
<use>1</use>
<logicalDatatype>LOGDT019</logicalDatatype>
<dataTypePrecision>5</dataTypePrecision>
<ownDataTypeParameters>,,</ownDataTypeParameters>
<previousColumn>false</previousColumn>
<autoIncrementCycle>false</autoIncrementCycle>
<associations>
<colAssociation fkAssociation="14CB6FE2-8888-1A6E-5FCA-AC16B1F2A26E" referredColumn="46287354-DE95-61F9-E407-F7B578827673"/>
</associations>
</Column>
<Column name="T_ENTREGADOR_cd_entregador" id="CBBDB8E4-EAB7-23F5-E9D3-AD1CF8299B99">
<createdBy>Pedroso</createdBy>
<createdTime>2022-06-05 22:41:05 UTC</createdTime>
<generatorID>29048A47-E912-A930-8F96-9C6E21818191</generatorID>
<ownerDesignName>fase4_EC_exercicio_grupo</ownerDesignName>
<useDomainConstraints>false</useDomainConstraints>
<use>1</use>
<logicalDatatype>LOGDT019</logicalDatatype>
<dataTypePrecision>5</dataTypePrecision>
<ownDataTypeParameters>,,</ownDataTypeParameters>
<previousColumn>false</previousColumn>
<autoIncrementCycle>false</autoIncrementCycle>
<associations>
<colAssociation fkAssociation="CEEAEB9C-69FF-BE42-E8F0-ACEDF0BE0CEA" referredColumn="BD0BD3A7-FF75-84E2-C803-920582615798"/>
</associations>
</Column>
</columns>
<indexes itemClass="oracle.dbtools.crest.model.design.relational.Index">
<ind_PK_UK id="BE82F8A7-BB79-496A-0B82-5C3246B7A0EA" name="T_END_ENTREG_PK">
<createdBy>Pedroso</createdBy>
<createdTime>2022-06-05 22:41:05 UTC</createdTime>
<generatorID>665B103F-94B4-F481-DE8A-1CA6C53F7362</generatorID>
<ownerDesignName>fase4_EC_exercicio_grupo</ownerDesignName>
<pk>true</pk>
<indexState>Primary Constraint</indexState>
<isSurrogateKey>false</isSurrogateKey>
<indexColumnUsage>
<colUsage columnID="F2B8A890-0ABC-C18C-43DF-E1CEB36F56C0"/>
</indexColumnUsage>
</ind_PK_UK>
<ind_PK_UK id="46A570D3-8CD1-1B4E-C8F3-E0F4202B5C44" name="T_END_ENTREG_T_ENTREGADOR_FK">
<createdBy>Pedroso</createdBy>
<createdTime>2022-06-05 22:41:05 UTC</createdTime>
<generatorID>62FA3DEC-35D0-C450-5141-20A3EF2F17DB</generatorID>
<ownerDesignName>fase4_EC_exercicio_grupo</ownerDesignName>
<indexState>Foreign Key</indexState>
<isSurrogateKey>false</isSurrogateKey>
<indexColumnUsage>
<colUsage columnID="CBBDB8E4-EAB7-23F5-E9D3-AD1CF8299B99"/>
</indexColumnUsage>
</ind_PK_UK>
<ind_PK_UK id="686F7A93-F4E4-CA44-4CF8-6B8D829346BF" name="T_END_ENTREG_T_ENDERECO_FK">
<createdBy>Pedroso</createdBy>
<createdTime>2022-06-05 22:41:05 UTC</createdTime>
<generatorID>27D1DF18-3441-41A5-9911-14D75C189241</generatorID>
<ownerDesignName>fase4_EC_exercicio_grupo</ownerDesignName>
<indexState>Foreign Key</indexState>
<isSurrogateKey>false</isSurrogateKey>
<indexColumnUsage>
<colUsage columnID="F2B8A890-0ABC-C18C-43DF-E1CEB36F56C0"/>
</indexColumnUsage>
</ind_PK_UK>
</indexes>
</Table>