<?xml version = '1.0' encoding = 'UTF-8'?>
<Table class="oracle.dbtools.crest.model.design.relational.Table" directorySegmentName="seg_0" id="15D6890D-329E-9694-1F94-157A00E52400" name="T_FORNECEDOR">
<createdBy>Pedroso</createdBy>
<createdTime>2022-06-05 22:41:05 UTC</createdTime>
<generatorID>FB860CF3-401C-FE49-8981-86EA4D2A7868</generatorID>
<ownerDesignName>fase4_EC_exercicio_grupo</ownerDesignName>
<allowColumnReorder>false</allowColumnReorder>
<existDependencyGenerateInDDl>true</existDependencyGenerateInDDl>
<parsed>true</parsed>
<columns itemClass="oracle.dbtools.crest.model.design.relational.Column">
<Column name="cd_fornecedor" id="427BD024-93D4-5F37-9641-4689A45BF2DA">
<createdBy>Pedroso</createdBy>
<createdTime>2022-06-05 22:41:05 UTC</createdTime>
<generatorID>90BDC1FA-706B-0441-5689-9DC0FB08946A</generatorID>
<ownerDesignName>fase4_EC_exercicio_grupo</ownerDesignName>
<useDomainConstraints>false</useDomainConstraints>
<use>1</use>
<logicalDatatype>LOGDT019</logicalDatatype>
<dataTypePrecision>5</dataTypePrecision>
<ownDataTypeParameters>,5,</ownDataTypeParameters>
<autoIncrementCycle>false</autoIncrementCycle>
</Column>
<Column name="nm_fornecedor" id="F8B8DDDA-7B59-BCBA-3362-FDCFB1AA4E87">
<createdBy>Pedroso</createdBy>
<createdTime>2022-06-05 22:41:05 UTC</createdTime>
<generatorID>1D4E2634-2E1A-EF9D-BF77-E5B53299ECEE</generatorID>
<ownerDesignName>fase4_EC_exercicio_grupo</ownerDesignName>
<useDomainConstraints>false</useDomainConstraints>
<use>1</use>
<logicalDatatype>LOGDT024</logicalDatatype>
<dataTypeSize>50</dataTypeSize>
<ownDataTypeParameters>50,,</ownDataTypeParameters>
<autoIncrementCycle>false</autoIncrementCycle>
</Column>
<Column name="nr_cnpj" id="00627B2C-974B-559D-4E74-6FC2C2A2E7A8">
<createdBy>Pedroso</createdBy>
<createdTime>2022-06-05 22:41:05 UTC</createdTime>
<generatorID>749B66B8-1DA4-B7C7-6610-3E9310B290DC</generatorID>
<ownerDesignName>fase4_EC_exercicio_grupo</ownerDesignName>
<useDomainConstraints>false</useDomainConstraints>
<use>1</use>
<logicalDatatype>LOGDT019</logicalDatatype>
<dataTypePrecision>14</dataTypePrecision>
<ownDataTypeParameters>,14,</ownDataTypeParameters>
<autoIncrementCycle>false</autoIncrementCycle>
</Column>
</columns>
<indexes itemClass="oracle.dbtools.crest.model.design.relational.Index">
<ind_PK_UK id="13462913-6CCF-B833-9A49-8AD0EDBC36B0" name="T_FORNECEDOR_PK">
<createdBy>Pedroso</createdBy>
<createdTime>2022-06-05 22:41:05 UTC</createdTime>
<generatorID>1ED73CC5-5AA4-12B5-F1E0-14C824C2561A</generatorID>
<ownerDesignName>fase4_EC_exercicio_grupo</ownerDesignName>
<pk>true</pk>
<indexState>Primary Constraint</indexState>
<isSurrogateKey>false</isSurrogateKey>
<indexColumnUsage>
<colUsage columnID="427BD024-93D4-5F37-9641-4689A45BF2DA"/>
</indexColumnUsage>
</ind_PK_UK>
</indexes>
</Table>