<?xml version = '1.0' encoding = 'UTF-8'?>
<Table class="oracle.dbtools.crest.model.design.relational.Table" directorySegmentName="seg_0" id="3ADFC702-C886-9B4A-FB97-44E86E06FA83" name="ITEM_PEDIDO">
<createdBy>Pedroso</createdBy>
<createdTime>2022-06-05 22:41:05 UTC</createdTime>
<generatorID>5E557166-9A8B-65EE-C3CF-A6AF034E5200</generatorID>
<ownerDesignName>fase4_EC_exercicio_grupo</ownerDesignName>
<allowColumnReorder>false</allowColumnReorder>
<existDependencyGenerateInDDl>true</existDependencyGenerateInDDl>
<parsed>true</parsed>
<columns itemClass="oracle.dbtools.crest.model.design.relational.Column">
<Column name="T_ITEM_cd_item" id="B9E6864C-DA31-A698-685E-366C9AC2DFF6">
<createdBy>Pedroso</createdBy>
<createdTime>2022-06-05 22:41:05 UTC</createdTime>
<generatorID>41C54C45-067F-CC64-BB99-869A241AE4D9</generatorID>
<ownerDesignName>fase4_EC_exercicio_grupo</ownerDesignName>
<useDomainConstraints>false</useDomainConstraints>
<use>1</use>
<logicalDatatype>LOGDT019</logicalDatatype>
<dataTypePrecision>5</dataTypePrecision>
<ownDataTypeParameters>,,</ownDataTypeParameters>
<previousColumn>false</previousColumn>
<autoIncrementCycle>false</autoIncrementCycle>
<associations>
<colAssociation fkAssociation="05AC4AB6-8C9C-92C8-20CA-7B618AAA830E" referredColumn="723648A3-D8EB-7894-761D-C785608D17BF"/>
</associations>
</Column>
<Column name="T_PEDIDO_cd_pedido" id="27A91EDC-2C20-3413-0DDB-228F7DC3119D">
<createdBy>Pedroso</createdBy>
<createdTime>2022-06-05 22:41:05 UTC</createdTime>
<generatorID>FC11E4FB-AA0B-05D3-43DC-E698A198FCC0</generatorID>
<ownerDesignName>fase4_EC_exercicio_grupo</ownerDesignName>
<useDomainConstraints>false</useDomainConstraints>
<use>1</use>
<logicalDatatype>LOGDT019</logicalDatatype>
<dataTypePrecision>5</dataTypePrecision>
<ownDataTypeParameters>,,</ownDataTypeParameters>
<previousColumn>false</previousColumn>
<autoIncrementCycle>false</autoIncrementCycle>
<associations>
<colAssociation fkAssociation="376B46F6-46ED-ADFC-559B-43A6D3C1E787" referredColumn="C510F4B3-0012-95B0-9D1D-32EA0CF5BD4B"/>
</associations>
</Column>
<Column name="nr_quantidade" id="80946B00-1148-2FAA-5293-7CDF592C9AF7">
<createdBy>Pedroso</createdBy>
<createdTime>2022-06-05 22:41:05 UTC</createdTime>
<generatorID>31DFBC6E-44AD-F603-A062-5B543210FA5F</generatorID>
<ownerDesignName>fase4_EC_exercicio_grupo</ownerDesignName>
<useDomainConstraints>false</useDomainConstraints>
<use>1</use>
<logicalDatatype>LOGDT019</logicalDatatype>
<dataTypePrecision>5</dataTypePrecision>
<ownDataTypeParameters>,5,</ownDataTypeParameters>
<autoIncrementCycle>false</autoIncrementCycle>
</Column>
</columns>
<indexes itemClass="oracle.dbtools.crest.model.design.relational.Index">
<ind_PK_UK id="D51703C0-1093-04AB-D0C1-53587329E0F3" name="ITEM_PEDIDO_PK">
<createdBy>Pedroso</createdBy>
<createdTime>2022-06-05 22:41:05 UTC</createdTime>
<generatorID>A5D31F08-1839-C6B2-3C09-A1CDB45EFF78</generatorID>
<ownerDesignName>fase4_EC_exercicio_grupo</ownerDesignName>
<pk>true</pk>
<indexState>Primary Constraint</indexState>
<isSurrogateKey>false</isSurrogateKey>
<indexColumnUsage>
<colUsage columnID="B9E6864C-DA31-A698-685E-366C9AC2DFF6"/>
<colUsage columnID="27A91EDC-2C20-3413-0DDB-228F7DC3119D"/>
</indexColumnUsage>
</ind_PK_UK>
<ind_PK_UK id="323AB88E-6AC2-86B2-C9C5-A993204F3CED" name="ITEM_PEDIDO_T_ITEM_FK">
<createdBy>Pedroso</createdBy>
<createdTime>2022-06-05 22:41:05 UTC</createdTime>
<generatorID>FA260BEA-BC2A-4E52-2DE8-3E904676E416</generatorID>
<ownerDesignName>fase4_EC_exercicio_grupo</ownerDesignName>
<indexState>Foreign Key</indexState>
<isSurrogateKey>false</isSurrogateKey>
<indexColumnUsage>
<colUsage columnID="B9E6864C-DA31-A698-685E-366C9AC2DFF6"/>
</indexColumnUsage>
</ind_PK_UK>
<ind_PK_UK id="DD99C6C7-1DBB-42AF-A648-3DEF55780D7B" name="ITEM_PEDIDO_T_PEDIDO_FK">
<createdBy>Pedroso</createdBy>
<createdTime>2022-06-05 22:41:05 UTC</createdTime>
<generatorID>B92328F2-CEEF-2B18-01B4-1B075BFA4DC1</generatorID>
<ownerDesignName>fase4_EC_exercicio_grupo</ownerDesignName>
<indexState>Foreign Key</indexState>
<isSurrogateKey>false</isSurrogateKey>
<indexColumnUsage>
<colUsage columnID="27A91EDC-2C20-3413-0DDB-228F7DC3119D"/>
</indexColumnUsage>
</ind_PK_UK>
</indexes>
</Table>