<?xml version = '1.0' encoding = 'UTF-8'?>
<Table class="oracle.dbtools.crest.model.design.relational.Table" directorySegmentName="seg_0" id="4BF127DD-0180-49FE-491A-C983748D3D51" name="T_CANCELAMENTO">
<createdBy>Pedroso</createdBy>
<createdTime>2022-06-05 22:41:05 UTC</createdTime>
<generatorID>294EA570-BC22-3786-E73E-C8F7FA4F21EB</generatorID>
<ownerDesignName>fase4_EC_exercicio_grupo</ownerDesignName>
<allowColumnReorder>false</allowColumnReorder>
<existDependencyGenerateInDDl>true</existDependencyGenerateInDDl>
<parsed>true</parsed>
<columns itemClass="oracle.dbtools.crest.model.design.relational.Column">
<Column name="cd_cancelar" id="C8A70543-99EB-BEE2-8339-8643C6B17D7C">
<createdBy>Pedroso</createdBy>
<createdTime>2022-06-05 22:41:05 UTC</createdTime>
<generatorID>23CA6CDC-599D-DB30-7611-D20F027B2F5E</generatorID>
<ownerDesignName>fase4_EC_exercicio_grupo</ownerDesignName>
<useDomainConstraints>false</useDomainConstraints>
<use>1</use>
<logicalDatatype>LOGDT019</logicalDatatype>
<dataTypePrecision>5</dataTypePrecision>
<ownDataTypeParameters>,5,</ownDataTypeParameters>
<autoIncrementCycle>false</autoIncrementCycle>
</Column>
<Column name="ds_cancela" id="0A0B64A3-25B0-52DE-91B4-F1F1F027BD37">
<createdBy>Pedroso</createdBy>
<createdTime>2022-06-05 22:41:05 UTC</createdTime>
<generatorID>1B3D7497-0C49-1FFE-BD21-B70349B38998</generatorID>
<ownerDesignName>fase4_EC_exercicio_grupo</ownerDesignName>
<useDomainConstraints>false</useDomainConstraints>
<use>1</use>
<logicalDatatype>LOGDT024</logicalDatatype>
<dataTypeSize>120</dataTypeSize>
<ownDataTypeParameters>120,,</ownDataTypeParameters>
<autoIncrementCycle>false</autoIncrementCycle>
</Column>
<Column name="T_PEDIDO_cd_pedido" id="11D6605A-2C55-5015-2D12-D29DD8B53ED7">
<createdBy>Pedroso</createdBy>
<createdTime>2022-06-05 22:41:05 UTC</createdTime>
<generatorID>8E05C983-A471-3417-4E4B-BF2A8EA911E5</generatorID>
<ownerDesignName>fase4_EC_exercicio_grupo</ownerDesignName>
<useDomainConstraints>false</useDomainConstraints>
<use>1</use>
<logicalDatatype>LOGDT019</logicalDatatype>
<dataTypePrecision>5</dataTypePrecision>
<ownDataTypeParameters>,,</ownDataTypeParameters>
<previousColumn>false</previousColumn>
<autoIncrementCycle>false</autoIncrementCycle>
<associations>
<colAssociation fkAssociation="F3442FAB-FABC-A7D9-FB0C-9B6DBAE38F03" referredColumn="C510F4B3-0012-95B0-9D1D-32EA0CF5BD4B"/>
</associations>
</Column>
</columns>
<indexes itemClass="oracle.dbtools.crest.model.design.relational.Index">
<ind_PK_UK id="6BAA90EE-AF05-F62C-807F-DBA0FA7AE025" name="T_CANCELAMENTO_PK">
<createdBy>Pedroso</createdBy>
<createdTime>2022-06-05 22:41:05 UTC</createdTime>
<generatorID>9EFBC968-442E-FC4D-328C-366BBC28177D</generatorID>
<ownerDesignName>fase4_EC_exercicio_grupo</ownerDesignName>
<pk>true</pk>
<indexState>Primary Constraint</indexState>
<isSurrogateKey>false</isSurrogateKey>
<indexColumnUsage>
<colUsage columnID="C8A70543-99EB-BEE2-8339-8643C6B17D7C"/>
<colUsage columnID="11D6605A-2C55-5015-2D12-D29DD8B53ED7"/>
</indexColumnUsage>
</ind_PK_UK>
<ind_PK_UK id="2E6B09EE-0BB9-23CB-6437-6F4A0ECFED8D" name="T_CANCELAMENTO_T_PEDIDO_FK">
<createdBy>Pedroso</createdBy>
<createdTime>2022-06-05 22:41:05 UTC</createdTime>
<generatorID>312A95EF-4355-F234-DE40-F8D75B89DD28</generatorID>
<ownerDesignName>fase4_EC_exercicio_grupo</ownerDesignName>
<indexState>Foreign Key</indexState>
<isSurrogateKey>false</isSurrogateKey>
<indexColumnUsage>
<colUsage columnID="11D6605A-2C55-5015-2D12-D29DD8B53ED7"/>
</indexColumnUsage>
</ind_PK_UK>
</indexes>
</Table>