<?xml version = '1.0' encoding = 'UTF-8'?>
<Table class="oracle.dbtools.crest.model.design.relational.Table" directorySegmentName="seg_0" id="664203F6-F548-B63D-A9F9-8DC9B2E0B415" name="T_BAIRRO">
<createdBy>Pedroso</createdBy>
<createdTime>2022-06-05 22:41:05 UTC</createdTime>
<generatorID>AF64EEA0-F341-3067-287B-F344EB90DC62</generatorID>
<ownerDesignName>fase4_EC_exercicio_grupo</ownerDesignName>
<allowColumnReorder>false</allowColumnReorder>
<existDependencyGenerateInDDl>true</existDependencyGenerateInDDl>
<parsed>true</parsed>
<columns itemClass="oracle.dbtools.crest.model.design.relational.Column">
<Column name="cd_bairro" id="25EB872F-3D6A-2CA9-3040-4340485DAE19">
<createdBy>Pedroso</createdBy>
<createdTime>2022-06-05 22:41:05 UTC</createdTime>
<generatorID>9E057B14-672D-610F-E317-CA5028DB4F3B</generatorID>
<ownerDesignName>fase4_EC_exercicio_grupo</ownerDesignName>
<useDomainConstraints>false</useDomainConstraints>
<use>1</use>
<logicalDatatype>LOGDT019</logicalDatatype>
<dataTypePrecision>5</dataTypePrecision>
<ownDataTypeParameters>,5,</ownDataTypeParameters>
<autoIncrementCycle>false</autoIncrementCycle>
</Column>
<Column name="nm_bairro" id="F7D2B9C6-1049-250A-63F3-FB20226C463D">
<createdBy>Pedroso</createdBy>
<createdTime>2022-06-05 22:41:05 UTC</createdTime>
<generatorID>56104C09-16DB-EC2C-1BC1-642126BE8A5E</generatorID>
<ownerDesignName>fase4_EC_exercicio_grupo</ownerDesignName>
<useDomainConstraints>false</useDomainConstraints>
<use>1</use>
<logicalDatatype>LOGDT024</logicalDatatype>
<dataTypeSize>100</dataTypeSize>
<ownDataTypeParameters>100,,</ownDataTypeParameters>
<autoIncrementCycle>false</autoIncrementCycle>
</Column>
<Column name="T_CIDADE_cd_cidade" id="68A2A387-FA89-E21D-F10A-6F2E777517F5">
<createdBy>Pedroso</createdBy>
<createdTime>2022-06-05 22:41:05 UTC</createdTime>
<generatorID>113B94C3-D5E5-0EE1-F42D-1F4AA301ECF7</generatorID>
<ownerDesignName>fase4_EC_exercicio_grupo</ownerDesignName>
<useDomainConstraints>false</useDomainConstraints>
<use>1</use>
<logicalDatatype>LOGDT019</logicalDatatype>
<dataTypePrecision>5</dataTypePrecision>
<ownDataTypeParameters>,,</ownDataTypeParameters>
<previousColumn>false</previousColumn>
<autoIncrementCycle>false</autoIncrementCycle>
<associations>
<colAssociation fkAssociation="6544D7E1-E56F-C32A-C535-5886E5B8C892" referredColumn="2BBB3875-E4D6-D61E-0516-3A37B888A3EA"/>
</associations>
</Column>
</columns>
<indexes itemClass="oracle.dbtools.crest.model.design.relational.Index">
<ind_PK_UK id="2B7FD8A7-9B92-C96D-5FB0-D23A5F533124" name="T_BAIRRO_PK">
<createdBy>Pedroso</createdBy>
<createdTime>2022-06-05 22:41:05 UTC</createdTime>
<generatorID>65C03E25-1BAA-11CA-14D4-4A2E6F5B000D</generatorID>
<ownerDesignName>fase4_EC_exercicio_grupo</ownerDesignName>
<pk>true</pk>
<indexState>Primary Constraint</indexState>
<isSurrogateKey>false</isSurrogateKey>
<indexColumnUsage>
<colUsage columnID="25EB872F-3D6A-2CA9-3040-4340485DAE19"/>
</indexColumnUsage>
</ind_PK_UK>
<ind_PK_UK id="CDB68485-7F1D-466E-521C-09C0F172A22E" name="T_BAIRRO_T_CIDADE_FK">
<createdBy>Pedroso</createdBy>
<createdTime>2022-06-05 22:41:05 UTC</createdTime>
<generatorID>28076DA7-3891-3545-F653-BFA44A54C0D1</generatorID>
<ownerDesignName>fase4_EC_exercicio_grupo</ownerDesignName>
<indexState>Foreign Key</indexState>
<isSurrogateKey>false</isSurrogateKey>
<indexColumnUsage>
<colUsage columnID="68A2A387-FA89-E21D-F10A-6F2E777517F5"/>
</indexColumnUsage>
</ind_PK_UK>
</indexes>
</Table>