<?xml version = '1.0' encoding = 'UTF-8'?>
<Table class="oracle.dbtools.crest.model.design.relational.Table" directorySegmentName="seg_0" id="9EEA026D-379B-E67D-75AC-C715098A1A0D" name="T_ESTADO">
<createdBy>Pedroso</createdBy>
<createdTime>2022-06-05 22:41:05 UTC</createdTime>
<generatorID>35445696-2190-DA96-87E9-C4F77C355D16</generatorID>
<ownerDesignName>fase4_EC_exercicio_grupo</ownerDesignName>
<allowColumnReorder>false</allowColumnReorder>
<existDependencyGenerateInDDl>true</existDependencyGenerateInDDl>
<parsed>true</parsed>
<columns itemClass="oracle.dbtools.crest.model.design.relational.Column">
<Column name="cd_estado" id="0AD2C3D0-EAA1-E006-9355-00BE54D83BCD">
<createdBy>Pedroso</createdBy>
<createdTime>2022-06-05 22:41:05 UTC</createdTime>
<generatorID>E86C8A5F-3F45-C07D-B4DB-AC93691F6F39</generatorID>
<ownerDesignName>fase4_EC_exercicio_grupo</ownerDesignName>
<useDomainConstraints>false</useDomainConstraints>
<use>1</use>
<logicalDatatype>LOGDT019</logicalDatatype>
<dataTypePrecision>5</dataTypePrecision>
<ownDataTypeParameters>,5,</ownDataTypeParameters>
<autoIncrementCycle>false</autoIncrementCycle>
</Column>
<Column name="nm_estado" id="2803EC72-4943-B1D5-6E51-7C1D44A39FAC">
<createdBy>Pedroso</createdBy>
<createdTime>2022-06-05 22:41:05 UTC</createdTime>
<generatorID>5C2BECE2-1EC1-335D-E874-B20465428185</generatorID>
<ownerDesignName>fase4_EC_exercicio_grupo</ownerDesignName>
<useDomainConstraints>false</useDomainConstraints>
<use>1</use>
<logicalDatatype>LOGDT024</logicalDatatype>
<dataTypeSize>50</dataTypeSize>
<ownDataTypeParameters>50,,</ownDataTypeParameters>
<autoIncrementCycle>false</autoIncrementCycle>
</Column>
<Column name="sg_estado" id="BF6DD5AC-FCDA-77FC-7EE1-C642418B59C1">
<createdBy>Pedroso</createdBy>
<createdTime>2022-06-05 22:41:05 UTC</createdTime>
<generatorID>345E8908-D7F5-97A6-3B93-D4B11F6F121D</generatorID>
<ownerDesignName>fase4_EC_exercicio_grupo</ownerDesignName>
<useDomainConstraints>false</useDomainConstraints>
<use>1</use>
<logicalDatatype>LOGDT024</logicalDatatype>
<dataTypeSize>2</dataTypeSize>
<ownDataTypeParameters>2,,</ownDataTypeParameters>
<autoIncrementCycle>false</autoIncrementCycle>
</Column>
</columns>
<indexes itemClass="oracle.dbtools.crest.model.design.relational.Index">
<ind_PK_UK id="7D230FB2-9DE8-A3D9-D765-285872A7C9D8" name="T_ESTADO_PK">
<createdBy>Pedroso</createdBy>
<createdTime>2022-06-05 22:41:05 UTC</createdTime>
<generatorID>FD091135-F6FC-C54C-9234-37088CB82811</generatorID>
<ownerDesignName>fase4_EC_exercicio_grupo</ownerDesignName>
<pk>true</pk>
<indexState>Primary Constraint</indexState>
<isSurrogateKey>false</isSurrogateKey>
<indexColumnUsage>
<colUsage columnID="0AD2C3D0-EAA1-E006-9355-00BE54D83BCD"/>
</indexColumnUsage>
</ind_PK_UK>
</indexes>
</Table>