<?xml version = '1.0' encoding = 'UTF-8'?>
<Arc class="oracle.dbtools.crest.model.design.logical.Arc" directorySegmentName="seg_0" id="01D6BD87-FFD7-34A0-F10D-2B64F4427C73" name="Arc_1">
<createdBy>Pedroso</createdBy>
<createdTime>2022-06-02 23:37:29 UTC</createdTime>
<ownerDesignName>fase4_EC_exercicio_grupo</ownerDesignName>
<engineerTo>
<item key="56EF263B-A3BF-8FEE-EC7C-FFF3496CE94F" value="true"/>
</engineerTo>
<entity>0F0687F5-7E09-5F32-CC9B-99165885B3C1</entity>
<relations>
<relationID>28C1FBCE-8679-0844-029A-3B3BD32F4468</relationID>
<relationID>27D1DF18-3441-41A5-9911-14D75C189241</relationID>
</relations>
</Arc>