<?xml version = '1.0' encoding = 'UTF-8'?>
<FKIndexAssociation class="oracle.dbtools.crest.model.design.relational.FKIndexAssociation" directorySegmentName="seg_0" id="6544D7E1-E56F-C32A-C535-5886E5B8C892" containerWithKeyObject="664203F6-F548-B63D-A9F9-8DC9B2E0B415" localFKIndex="CDB68485-7F1D-466E-521C-09C0F172A22E" name="T_BAIRRO_T_CIDADE_FK">
<createdBy>Pedroso</createdBy>
<createdTime>2022-06-05 22:41:05 UTC</createdTime>
<generatorID>28076DA7-3891-3545-F653-BFA44A54C0D1</generatorID>
<ownerDesignName>fase4_EC_exercicio_grupo</ownerDesignName>
<referredTableLongName>T_CIDADE</referredTableLongName>
<deleteRule>NO ACTION</deleteRule>
<referredTableID>0865E40C-EE02-B910-2793-9A8095CF5692</referredTableID>
<keyObject>A2EAA426-5E4C-22B9-0824-B4722725A8BB</keyObject>
<referredKeyID>A2EAA426-5E4C-22B9-0824-B4722725A8BB</referredKeyID>
<mandatory>true</mandatory>
<refColNames>cd_cidade</refColNames>
<transferable>true</transferable>
<rely>false</rely>
<columnDependencyConstraintGenerateInDDL>true</columnDependencyConstraintGenerateInDDL>
</FKIndexAssociation>