<?xml version = '1.0' encoding = 'UTF-8'?>
<FKIndexAssociation class="oracle.dbtools.crest.model.design.relational.FKIndexAssociation" directorySegmentName="seg_0" id="809591BC-3B43-F1C2-CA80-6B155ED4A40A" containerWithKeyObject="D4180E41-92F7-D983-BD12-07DFEF94A77F" localFKIndex="F53C2366-7338-04C0-2CD2-78E560AD72C2" name="T_FORNECEDOR_FK">
<createdBy>Pedroso</createdBy>
<createdTime>2022-06-05 22:41:05 UTC</createdTime>
<generatorID>462FAB3B-8C77-8718-0FA4-54F32FEAD3CC</generatorID>
<ownerDesignName>fase4_EC_exercicio_grupo</ownerDesignName>
<referredTableLongName>T_FORNECEDOR</referredTableLongName>
<deleteRule>NO ACTION</deleteRule>
<referredTableID>15D6890D-329E-9694-1F94-157A00E52400</referredTableID>
<keyObject>13462913-6CCF-B833-9A49-8AD0EDBC36B0</keyObject>
<referredKeyID>13462913-6CCF-B833-9A49-8AD0EDBC36B0</referredKeyID>
<mandatory>true</mandatory>
<refColNames>cd_fornecedor</refColNames>
<transferable>true</transferable>
<rely>false</rely>
<columnDependencyConstraintGenerateInDDL>true</columnDependencyConstraintGenerateInDDL>
</FKIndexAssociation>