<?xml version = '1.0' encoding = 'UTF-8'?>
<FKIndexAssociation class="oracle.dbtools.crest.model.design.relational.FKIndexAssociation" directorySegmentName="seg_0" id="9AAF4693-53FE-719E-9521-5C3032B0840A" containerWithKeyObject="D89C6CF7-C0A8-BF81-DCDF-E754413C86D7" localFKIndex="3909C969-8978-B777-0E54-F2640C2E958D" name="T_END_FORN_T_FORNECEDOR_FK">
<createdBy>Pedroso</createdBy>
<createdTime>2022-06-05 22:41:05 UTC</createdTime>
<generatorID>A377FCCC-4EC5-3AC6-2650-E343FD2E66AC</generatorID>
<ownerDesignName>fase4_EC_exercicio_grupo</ownerDesignName>
<referredTableLongName>T_FORNECEDOR</referredTableLongName>
<deleteRule>NO ACTION</deleteRule>
<referredTableID>15D6890D-329E-9694-1F94-157A00E52400</referredTableID>
<keyObject>13462913-6CCF-B833-9A49-8AD0EDBC36B0</keyObject>
<referredKeyID>13462913-6CCF-B833-9A49-8AD0EDBC36B0</referredKeyID>
<mandatory>true</mandatory>
<refColNames>cd_fornecedor</refColNames>
<transferable>true</transferable>
<rely>false</rely>
<columnDependencyConstraintGenerateInDDL>true</columnDependencyConstraintGenerateInDDL>
</FKIndexAssociation>